iter	CountErrors	MultiClass
0	0.8896666667	1.074282954
50	0.6375	0.9005241857
100	0.5075	0.817592083
150	0.4105	0.740096072
200	0.3098333333	0.6710102092
250	0.2436666667	0.6156995631
300	0.1845	0.5636790477
350	0.1435	0.5186214784
400	0.1093333333	0.4772780526
450	0.08133333333	0.4370879788
499	0.05366666667	0.4037902248
